{"branches": 65.40697674418605, "coverage": 60.480123902942694}