{"branches": 79.34131736526946, "coverage": 71.09450337512054}