{"branches": 90.27777777777779, "coverage": 87.03263453641668}