{"branches": 77.03488372093024, "coverage": 67.85549930971008}