{"branches": 89.44444444444444, "coverage": 86.79286335944299}