{"branches": 89.44444444444444, "coverage": 86.80147858230049}